,Country,Total Cases,New Cases,Total Deaths,New Deaths,Total Recovered,Newly Recovered,Active Cases,Serius/Critical,Total Cases/Mn,Deaths/Mn,Total Tests,Test/Mn,Population,Continent,%Inc Cases,%Inc Deaths,%Inc Recov
0,World,194014771,574192.0,4159710,8652.0,176118339,405214.0,13736722,82467,24890.0,533.7,-1,-1,-1,All,0.2959527241356278,0.20799526890095701,0.23008052557207
1,USA,35283075,67485.0,626658,428.0,29497875,19702.0,5158542,6719,105937.0,1882.0,521341856,1565327,333056090,North America,0.19126734276986912,0.06829881689853158,0.06679125191221401
2,India,31331202,39498.0,420043,541.0,30495438,35134.0,415721,8944,22470.0,301.0,452939545,324840,1394346143,Asia,0.1260660219802611,0.12879633751782554,0.11521067511802913
3,Brazil,19632443,45460.0,548420,1286.0,18331462,71751.0,752561,8318,91673.0,2561.0,54786381,255823,214157514,South America,0.23155549210049914,0.23449181284417053,0.3914090430975991
4,Russia,6078522,23811.0,152296,795.0,5450004,22547.0,476222,2300,41634.0,1043.0,161400000,1105474,146000731,Europe,0.3917235143674729,0.5220097704470242,0.41370611838083055
5,France,5953071,19561.0,111591,26.0,5672089,2995.0,169391,872,90989.0,1706.0,100465378,1535547,65426422,Europe,0.32858670760016134,0.02329937002087982,0.05280241547690807
6,UK,5637975,36389.0,129044,64.0,4434939,7406.0,1073992,699,82592.0,1890.0,237814221,3483777,68263323,Europe,0.6454267711368,0.04959548681070022,0.16699215028662176
7,Turkey,5574997,11094.0,50821,60.0,5410554,5215.0,113622,543,65359.0,596.0,65918377,772799,85298180,Asia,0.1989956227779136,0.11806143129808543,0.09638569359071178
8,Argentina,4827973,15622.0,103359,285.0,4464987,17034.0,259627,4358,105797.0,2265.0,18712620,410057,45634226,South America,0.32357264632590116,0.2757379618610861,0.38150167066555846
9,Colombia,4705734,13164.0,118188,352.0,4462579,13552.0,124967,8155,91451.0,2297.0,21953347,426642,51456072,South America,0.2797438189238916,0.29783057501607607,0.30368089842219037
10,Italy,4307533,5141.0,127937,17.0,4120846,1239.0,58750,155,71355.0,2119.0,75792867,1255521,60367642,Europe,0.11934905664100542,0.01328779008418206,0.030066641655621198
11,Spain,4280429,31171.0,81221,27.0,3683457,2332.0,515751,1292,91513.0,1736.0,55184196,1179806,46773957,Europe,0.7282214002381537,0.033242634294086505,0.06331009157973068
12,Germany,3760270,1864.0,92024,34.0,3643300,700.0,24946,356,44729.0,1095.0,65845568,783246,84067512,Europe,0.04957090847199803,0.03694688342171608,0.019213350533856668
13,Iran,3645654,21814.0,88273,210.0,3220445,16309.0,336936,4696,42825.0,1037.0,25400499,298378,85128602,Asia,0.5983562894339397,0.23789833811018093,0.5064206965186488
14,Indonesia,3082410,49071.0,80598,1566.0,2431911,38988.0,569901,-1,11145.0,291.0,24409303,88254,276580478,Asia,1.591968621954899,1.9429762525124694,1.603183669139208
15,Poland,2881944,104.0,75235,4.0,2653172,84.0,153537,52,76236.0,1990.0,18302896,484169,37802702,Europe,0.0036086752553137745,0.005316674420150196,0.003166021652572845
16,Mexico,2709739,16244.0,237626,419.0,2120815,8000.0,351298,4798,20786.0,1823.0,8095331,62098,130364451,North America,0.5994673287722544,0.17632750624931615,0.37721347689449575
17,South Africa,2356049,13719.0,69075,450.0,2133196,23376.0,153778,546,39203.0,1149.0,14477689,240899,60098631,Africa,0.5822883989254892,0.6514657980456027,1.0958205434474844
18,Ukraine,2247419,763.0,52811,21.0,2183642,639.0,10966,177,51718.0,1215.0,11239813,258653,43455211,Europe,0.033950055597109396,0.039764443013766075,0.02926303853836847
19,Peru,2101139,1617.0,195696,149.0,0,0.0,0,1926,62801.0,5849.0,15221108,454947,33456912,South America,0.07695825930602403,0.0761385005314365,
20,Netherlands,1833668,6395.0,17792,3.0,1663091,649.0,152785,112,106764.0,1036.0,15472423,900868,17175010,Europe,0.34875451826612014,0.016861510791366906,0.03902372149208913
21,Czechia,1672148,196.0,30357,-1.0,1638602,6.0,3189,6,155838.0,2829.0,32033742,2985433,10730015,Europe,0.011721450493616593,-0.003294133148861877,0.00036616579254754967
22,Chile,1606358,1645.0,34875,83.0,1559891,1222.0,11592,1813,83275.0,1808.0,18226220,944868,19289702,South America,0.10240556588257411,0.23799283154121864,0.07833880700638698
23,Philippines,1537065,6813.0,26890,-1.0,1454971,2164.0,55204,2031,13832.0,242.0,16187587,145675,111121584,Asia,0.443247357789033,-0.0037188545927854225,0.14873148674440934
24,Iraq,1535848,8905.0,18167,66.0,1394536,8205.0,123145,684,37302.0,441.0,12686807,308129,41173720,Asia,0.5798099811960559,0.36329608631034294,0.588367743823035
25,Canada,1425702,605.0,26539,13.0,1394612,552.0,4551,244,37428.0,697.0,38111273,1000505,38092032,North America,0.04243523541385226,0.04898451335769999,0.039580901354642005
26,Bangladesh,1146564,6364.0,18851,166.0,978616,9006.0,149097,1273,6889.0,113.0,7396867,44446,166423708,Asia,0.5550496963100184,0.8805898891305501,0.9202792515143835
27,Belgium,1112161,1751.0,25217,2.0,1054822,620.0,32122,85,95522.0,2166.0,16729624,1436883,11643000,Europe,0.157441233778203,0.007931157552444779,0.05877768950590716
28,Sweden,1096799,-1.0,14615,-1.0,1074360,380.0,7824,25,107890.0,1438.0,11231122,1104786,10165882,Europe,-9.117440843764446e-05,-0.006842285323297981,0.035369894634945456
29,Romania,1082057,104.0,34267,3.0,1047117,117.0,673,38,56647.0,1794.0,10336704,541143,19101623,Europe,0.009611323617887043,0.008754778650013131,0.011173536481596611
30,Pakistan,1000034,1425.0,22939,11.0,923472,543.0,53623,2525,4436.0,102.0,15584899,69138,225415993,Asia,0.14249515516472439,0.04795326736126248,0.058799833671188725
31,Malaysia,980491,15573.0,7718,144.0,825387,10094.0,147386,939,29889.0,235.0,16984302,517750,32804052,Asia,1.5882858690186856,1.865768333765224,1.2229414807841656
32,Portugal,947038,3794.0,17264,16.0,876240,3232.0,53534,178,93165.0,1698.0,14768310,1452830,10165205,Europe,0.4006175042606527,0.09267840593141798,0.36884871724641655
33,Israel,857977,991.0,6457,-1.0,841354,642.0,10166,81,91998.0,692.0,16128598,1729423,9326000,Asia,0.11550426176925488,-0.015487068297971194,0.07630557411030316
34,Japan,857931,5529.0,15106,9.0,808413,2211.0,34412,431,6805.0,120.0,17803291,141222,126066184,Asia,0.6444574214010217,0.059578975241625844,0.27349881805463294
35,Hungary,809101,85.0,30020,-1.0,745277,563.0,33804,9,83981.0,3116.0,6284811,652333,9634360,Europe,0.010505486954039113,-0.0033311125916055963,0.07554238222835269
36,Jordan,763437,331.0,9933,4.0,746015,464.0,7489,498,74047.0,963.0,8307905,805795,10310202,Asia,0.043356557253578225,0.040269807711668174,0.062197140808160696
37,Serbia,719664,202.0,7098,3.0,709778,74.0,2788,10,82719.0,816.0,4600110,528744,8700071,Europe,0.0280686542608773,0.042265426880811495,0.01042579510776609
38,Switzerland,712668,791.0,10903,-1.0,691377,153.0,10388,27,81713.0,1250.0,8904283,1020951,8721561,Europe,0.11099137326216414,-0.009171787581399615,0.022129749760261046
39,Nepal,676708,1982.0,9679,18.0,639368,1678.0,27661,-1,22793.0,326.0,3517889,118488,29689711,Asia,0.29288851321397114,0.18596962496125632,0.26244666608275674
40,UAE,668601,1521.0,1913,3.0,646227,1474.0,20461,-1,66749.0,191.0,63765557,6365954,10016654,Asia,0.22748993794505243,0.15682174594877157,0.22809322420759268
41,Austria,655589,392.0,10730,-1.0,640430,228.0,4429,25,72355.0,1184.0,63571450,7016124,9060765,Europe,0.059793559684497455,-0.009319664492078286,0.03560108052402292
42,Morocco,569668,1910.0,9536,19.0,540474,2104.0,19658,346,15243.0,255.0,7285486,194941,37372808,Africa,0.33528300694439567,0.19924496644295303,0.38928792134311735
43,Tunisia,558306,-1.0,18052,-1.0,453865,-1.0,86389,630,46723.0,1511.0,2135283,178695,11949323,Africa,-0.00017911324614100512,-0.005539552404165743,-0.00022032983376114043
44,Lebanon,553615,744.0,7890,1.0,535663,-1.0,10062,54,81497.0,1161.0,4731376,696503,6793049,Asia,0.13438942225192596,0.012674271229404309,-0.0001866845385998286
45,Kazakhstan,516117,6119.0,5244,64.0,441437,2427.0,69436,221,27144.0,276.0,11575012,608762,19014005,Asia,1.1855838889244106,1.2204424103737606,0.5497953275325811
46,Saudi Arabia,515693,1247.0,8141,11.0,496810,1160.0,10742,1383,14573.0,230.0,24195410,683752,35386227,Asia,0.24181053456222984,0.135118535806412,0.23348966405668162
47,Ecuador,480720,936.0,30797,20.0,443880,-1.0,6043,759,26817.0,1718.0,1627189,90773,17925901,South America,0.1947079380928607,0.06494139039516836,-0.00022528611336397226
48,Greece,471894,2852.0,12858,7.0,425958,3783.0,33078,130,45510.0,1240.0,12085222,1165505,10369088,Europe,0.6043730159739263,0.05444081505677399,0.8881157297198315
49,Thailand,467707,14575.0,3811,114.0,320152,7775.0,143744,3984,6683.0,54.0,8129670,116162,69985392,Asia,3.116267235683879,2.991340855418525,2.428533946375472
50,Bolivia,466318,967.0,17576,30.0,396914,1561.0,51828,200,39381.0,1484.0,2010216,169765,11841190,South America,0.207369220145909,0.17068730086481568,0.39328418750661354
51,Paraguay,448508,644.0,14550,49.0,410297,1324.0,23661,388,62076.0,2014.0,1649019,228235,7225099,South America,0.14358718239139548,0.3367697594501718,0.32269307355403526
52,Belarus,438767,1103.0,3376,11.0,432655,1166.0,2736,-1,46450.0,357.0,7168204,758859,9446031,Europe,0.25138627107325756,0.32582938388625593,0.2694987923403174
53,Panama,427987,1138.0,6743,13.0,408155,1100.0,13089,133,97570.0,1537.0,3282932,748423,4386467,North America,0.26589592674543855,0.19279252558208512,0.2695054574855141
54,Bulgaria,423575,135.0,18193,4.0,398132,232.0,7250,75,61450.0,2639.0,3503809,508316,6892978,Europe,0.03187156937968483,0.02198647831583576,0.05827213085107452
55,Costa Rica,398608,1139.0,4941,8.0,322423,1375.0,71244,363,77500.0,961.0,1686460,327895,5143297,North America,0.28574439047886646,0.16191054442420563,0.42645841022507697
56,Georgia,398081,2460.0,5656,20.0,370565,1082.0,21860,-1,99994.0,1421.0,6481930,1628194,3981055,Asia,0.6179646855790656,0.3536067892503536,0.2919865610621618
57,Slovakia,392259,40.0,12534,-1.0,379318,39.0,407,9,71810.0,2295.0,3087364,565198,5462443,Europe,0.010197344101728704,-0.007978299026647519,0.010281610680220817
58,Kuwait,390794,926.0,2273,9.0,373507,1149.0,15014,316,90102.0,524.0,3301934,761296,4337256,Asia,0.23695348444448994,0.39595248570171576,0.3076247566980003
59,Uruguay,380151,240.0,5919,6.0,371116,405.0,3116,84,109036.0,1698.0,2999509,860328,3486472,South America,0.0631328077527088,0.10136847440446022,0.10913029888229017
60,Croatia,362305,176.0,8245,-1.0,353103,137.0,957,17,88834.0,2022.0,2236369,548341,4078427,Europe,0.048577855674086755,-0.01212856276531231,0.038798877381387306
61,Guatemala,347496,3275.0,10063,34.0,302441,2689.0,34992,5,19025.0,551.0,1777695,97327,18265174,North America,0.9424568915901189,0.33787141011626753,0.8890990308853628
62,Azerbaijan,339645,371.0,5002,3.0,331782,153.0,2861,-1,33182.0,489.0,3943568,385272,10235797,Asia,0.10923169780211692,0.059976009596161534,0.046114617429516974
63,Dominican Republic,339302,400.0,3931,-1.0,292697,5090.0,42674,246,30950.0,359.0,1812226,165305,10962895,North America,0.11788907816635329,-0.02543881963876876,1.7389997164303017
64,Cuba,316383,7784.0,2203,66.0,276689,5932.0,37491,328,27951.0,195.0,6099427,538852,11319293,North America,2.4603091822253407,2.9959146618247843,2.1439233218523324
65,Palestine,315968,92.0,3596,5.0,311380,419.0,992,11,60457.0,688.0,1965913,376153,5226368,Asia,0.029116872594693134,0.13904338153503892,0.1345622711799088
66,Denmark,310127,707.0,2542,-1.0,295717,541.0,11868,11,53343.0,437.0,74666200,12842945,5813791,Europe,0.22797112150828533,-0.03933910306845004,0.18294518069640908
67,Venezuela,297782,919.0,3458,15.0,281194,925.0,13130,424,10504.0,122.0,3359014,118481,28350567,South America,0.308615027100362,0.43377674956622325,0.3289543873624615
68,Sri Lanka,293113,1815.0,4002,43.0,265708,953.0,23403,-1,13628.0,186.0,4254600,197812,21508265,Asia,0.6192151149897821,1.074462768615692,0.35866439851265297
69,Ireland,290525,1386.0,5026,-1.0,264767,298.0,20732,22,58151.0,1006.0,4729538,946651,4996072,Europe,0.4770673780225454,-0.019896538002387585,0.11255179081985293
70,Oman,289042,-1.0,3498,-1.0,263752,-1.0,21792,444,55125.0,667.0,1550000,295610,5243396,Asia,-0.00034597048179849294,-0.02858776443682104,-0.0003791440444053505
71,Honduras,285375,1188.0,7558,23.0,97200,361.0,180617,677,28337.0,750.0,855408,84939,10070892,North America,0.4162943495400789,0.3043133103995766,0.3713991769547325
72,Egypt,283947,41.0,16477,7.0,227068,533.0,40402,90,2721.0,158.0,3068679,29402,104370338,Africa,0.014439314379091872,0.042483461795229716,0.23473144608663482
73,Lithuania,280543,235.0,4410,1.0,268511,44.0,7622,14,104603.0,1644.0,3942004,1469816,2681971,Europe,0.08376612497905847,0.022675736961451247,0.016386665723191973
74,Ethiopia,278233,128.0,4365,2.0,262750,58.0,11118,160,2359.0,37.0,2976312,25231,117962935,Africa,0.04600460764898485,0.045819014891179836,0.022074215033301616
75,Bahrain,268338,113.0,1381,-1.0,266123,87.0,834,9,152144.0,783.0,5335735,3025284,1763714,Asia,0.04211106887582079,-0.0724112961622013,0.03269165010164473
76,Myanmar,258870,5506.0,6459,326.0,177021,3095.0,75390,-1,4724.0,118.0,3049163,55646,54795620,Asia,2.1269363000733956,5.047220932032823,1.7483801356901159
77,Slovenia,258527,60.0,4426,-1.0,253282,82.0,819,8,124337.0,2129.0,1380745,664062,2079241,Europe,0.023208407632471655,-0.022593764121102578,0.03237498124619989
78,Moldova,258484,119.0,6240,4.0,251347,105.0,897,60,64235.0,1551.0,1371028,340710,4024029,Europe,0.0460376657742839,0.0641025641025641,0.041774916748558766
79,Libya,229604,2171.0,3344,22.0,185468,616.0,40792,-1,32942.0,480.0,1225574,175836,6969976,Africa,0.9455410184491561,0.6578947368421052,0.33213276683848425
80,Armenia,228382,221.0,4579,4.0,218796,120.0,5007,-1,76919.0,1542.0,1293032,435495,2969107,Asia,0.09676769622824917,0.08735531775496833,0.054845609608950796
81,Qatar,224948,114.0,600,-1.0,222727,127.0,1621,30,80115.0,214.0,2290165,815642,2807805,Asia,0.050678379003147395,-0.16666666666666669,0.05702047798425876
82,Bosnia and Herzegovina,205420,36.0,9675,2.0,188460,130.0,7285,-1,63028.0,2969.0,1060468,325378,3259183,Europe,0.017525070587089867,0.020671834625323,0.06898015494004033
83,Kenya,195898,787.0,3838,12.0,184885,424.0,7175,120,3561.0,70.0,2081502,37832,55019679,Africa,0.40173968085432216,0.3126628452318916,0.2293317467615004
84,Zambia,190615,884.0,3221,25.0,179171,1752.0,8223,662,10072.0,170.0,2043320,107965,18925795,Africa,0.4637620334181465,0.776156473144986,0.977836815109588
85,S. Korea,185733,1630.0,2066,3.0,164206,1133.0,19461,227,3619.0,40.0,11388305,221925,51315908,Asia,0.8776038722251834,0.14520813165537272,0.6899869675894912
86,Nigeria,170623,317.0,2131,1.0,164780,8.0,3712,11,807.0,10.0,2401894,11355,211520910,Africa,0.18578972354254703,0.04692632566870014,0.004854958125986163
87,Algeria,159563,1350.0,4026,18.0,109349,812.0,46188,42,3571.0,90.0,230861,5166,44686455,Africa,0.8460608035697499,0.44709388971684055,0.742576521047289
88,North Macedonia,156017,36.0,5489,-1.0,150263,12.0,265,-1,74890.0,2635.0,944747,453490,2083283,Europe,0.023074408558041753,-0.018218254691200583,0.007985997883710561
89,Kyrgyzstan,155005,1127.0,2227,10.0,132138,1396.0,20640,195,23352.0,336.0,1477824,222638,6637800,Asia,0.7270733202154769,0.449034575662326,1.0564712648897365
90,Mongolia,153782,1243.0,761,6.0,146977,2732.0,6044,192,46125.0,228.0,3439589,1031666,3334014,Asia,0.8082870557022278,0.7884362680683311,1.8587942331113032
91,Afghanistan,143666,227.0,6393,36.0,91170,197.0,46103,1124,3605.0,160.0,688047,17265,39852275,Asia,0.1580053735748194,0.5631159080244017,0.21607985082812328
92,Latvia,138382,38.0,2549,-1.0,135295,33.0,538,9,74236.0,1367.0,3071945,1647976,1864072,Europe,0.027460218814585713,-0.03923107100823853,0.02439114527513951
93,Norway,135463,228.0,799,-1.0,88952,-1.0,45712,3,24783.0,146.0,6528021,1194281,5466070,Europe,0.1683116422934676,-0.1251564455569462,-0.0011242018167101357
94,Albania,132828,31.0,2456,-1.0,130118,9.0,254,3,46210.0,854.0,916777,318938,2874468,Europe,0.023338452735868945,-0.04071661237785017,0.006916798598195484
95,Estonia,132262,84.0,1271,-1.0,128314,43.0,2677,5,99634.0,957.0,1599194,1204684,1327480,Europe,0.0635103053031105,-0.07867820613690008,0.033511541998534844
96,Uzbekistan,122786,738.0,819,5.0,117303,548.0,4664,23,3613.0,24.0,1377915,40549,33981394,Asia,0.6010457218249637,0.6105006105006106,0.4671662276327118
97,Namibia,115009,609.0,2714,49.0,90761,313.0,21534,116,44414.0,1048.0,597429,230716,2589452,Africa,0.5295237764001078,1.8054532056005896,0.34486177983935834
98,Mozambique,107309,1443.0,1232,11.0,82299,1526.0,23778,32,3335.0,38.0,693609,21556,32176994,Africa,1.3447147955903045,0.8928571428571428,1.8542145105043804
99,Finland,102042,412.0,978,-1.0,46000,-1.0,55064,9,18386.0,176.0,5760243,1037913,5549833,Europe,0.40375531643832935,-0.10224948875255625,-0.002173913043478261
100,Montenegro,100929,64.0,1624,-1.0,98777,16.0,528,6,160677.0,2585.0,486797,774969,628150,Europe,0.063410912621744,-0.06157635467980296,0.016198102797209877
101,Ghana,100250,276.0,819,1.0,95871,333.0,3560,15,3157.0,26.0,1384479,43596,31756771,Africa,0.2753117206982544,0.1221001221001221,0.34734174046374816
102,Botswana,97657,-1.0,1375,-1.0,84189,-1.0,12093,1,40662.0,573.0,1436619,598169,2401695,Africa,-0.0010239921357403975,-0.07272727272727272,-0.0011878036323035076
103,Cyprus,96202,895.0,398,-1.0,76464,998.0,19340,63,79071.0,327.0,9147975,7518956,1216655,Asia,0.9303340886883847,-0.25125628140703515,1.3051893701611215
104,Zimbabwe,95686,2265.0,2961,91.0,62986,1263.0,29739,33,6340.0,196.0,1014014,67192,15091385,Africa,2.3671174466484124,3.0732860520094563,2.00520750643
105,Uganda,91710,355.0,2496,13.0,73062,1312.0,16152,794,1941.0,53.0,1440445,30479,47259882,Africa,0.38708973939592195,0.5208333333333333,1.7957351290684627
106,El Salvador,84691,275.0,2538,9.0,75724,57.0,6429,118,12988.0,389.0,1123560,172303,6520834,North America,0.3247098274905244,0.3546099290780142,0.0752733611536633
107,Cameroon,82003,132.0,1334,2.0,80433,2209.0,236,152,3010.0,49.0,1751774,64305,27241827,Africa,0.16096972061997733,0.14992503748125938,2.7463851901582683
108,Vietnam,81678,7307.0,370,-1.0,15536,2115.0,65772,-1,831.0,4.0,11890084,121001,98264529,Asia,8.946105438428953,-0.2702702702702703,13.613542739443874
109,Maldives,76546,92.0,218,-1.0,73710,73.0,2618,11,139026.0,396.0,1130645,2053519,550589,Asia,0.12018916729809527,-0.45871559633027525,0.09903676570343237
110,Luxembourg,73412,103.0,821,-1.0,71117,128.0,1474,5,115296.0,1289.0,3229426,5071916,636727,Europe,0.14030403748705933,-0.12180267965895249,0.1799850949843216
111,Cambodia,71244,825.0,1222,34.0,63474,897.0,6548,-1,4200.0,72.0,1688435,99534,16963327,Asia,1.157992251979114,2.7823240589198037,1.4131770488704036
112,Singapore,63924,133.0,36,-1.0,62587,11.0,1301,2,10836.0,6.0,15248512,2584933,5898998,Asia,0.20805957074025405,-2.7777777777777777,0.017575534855481172
113,Rwanda,62328,953.0,718,14.0,44739,815.0,16871,71,4690.0,54.0,1956860,147239,13290388,Africa,1.529007829546913,1.9498607242339834,1.8216768367643446
114,Senegal,55861,1041.0,1264,8.0,44611,257.0,9986,43,3246.0,73.0,621872,36138,17208484,Africa,1.8635541791231809,0.6329113924050633,0.5760910986079667
115,Jamaica,51686,144.0,1168,1.0,46794,21.0,3724,16,17374.0,393.0,480891,161652,2974845,North America,0.2786054250667492,0.08561643835616438,0.0448775484036415
116,Ivory Coast,49473,87.0,324,-1.0,48724,69.0,425,-1,1828.0,12.0,755218,27903,27066271,Africa,0.17585349584621915,-0.30864197530864196,0.14161398899926114
117,DRC,47404,130.0,1021,-1.0,29389,-1.0,16994,-1,513.0,11.0,248256,2686,92425204,Africa,0.2742384608893764,-0.0979431929480901,-0.00340263363843615
118,Malawi,47265,848.0,1439,29.0,36019,227.0,9807,285,2405.0,73.0,316960,16130,19650467,Africa,1.7941394266370463,2.0152883947185547,0.6302229378938894
119,Madagascar,42581,20.0,939,2.0,40999,9.0,643,29,1497.0,33.0,223976,7875,28440638,Africa,0.046969305558817315,0.21299254526091588,0.02195175492085173
120,Angola,41629,224.0,981,4.0,35284,202.0,5364,8,1226.0,29.0,681443,20077,33941370,Africa,0.5380864301328401,0.40774719673802245,0.5724974492687904
121,Sudan,37138,-1.0,2776,-1.0,30867,-1.0,3495,-1,827.0,62.0,234414,5218,44927989,Africa,-0.0026926598093596856,-0.03602305475504323,-0.003239705834710208
122,Trinidad and Tobago,37065,181.0,1026,8.0,30256,213.0,5783,22,26394.0,731.0,258401,184009,1404285,North America,0.4883313098610549,0.7797270955165692,0.7039925965097832
123,Réunion,34615,-1.0,266,-1.0,32036,-1.0,2313,40,38373.0,295.0,103924,115206,902070,Africa,-0.002888920988010978,-0.37593984962406013,-0.0031214883256336623
124,Cabo Verde,33504,52.0,297,-1.0,32663,46.0,544,23,59577.0,528.0,196505,349424,562369,Africa,0.15520534861509075,-0.33670033670033667,0.14083213421914703
125,Malta,33370,172.0,420,-1.0,30356,65.0,2594,1,75363.0,949.0,1061236,2396714,442788,Europe,0.5154330236739587,-0.2380952380952381,0.2141257082619581
126,Australia,32582,156.0,916,1.0,29743,-1.0,1923,18,1262.0,35.0,23632836,915557,25812509,Australia/Oceania,0.4787919710269474,0.10917030567685589,-0.003362135628551256
127,French Guiana,29533,114.0,174,4.0,9995,-1.0,19364,30,96251.0,567.0,315064,1026822,306834,South America,0.38600887143195745,2.2988505747126435,-0.010005002501250627
128,Syria,25858,5.0,1905,-1.0,21937,4.0,2016,-1,1441.0,106.0,103566,5770,17948489,Asia,0.019336375589759456,-0.05249343832020997,0.018234033824132745
129,Gabon,25325,16.0,163,-1.0,25081,31.0,81,8,11102.0,71.0,958807,420333,2281066,Africa,0.06317867719644621,-0.6134969325153374,0.12359953749850483
130,Guinea,24878,55.0,197,2.0,23733,14.0,948,24,1842.0,15.0,490778,36333,13507769,Africa,0.22107886486051934,1.015228426395939,0.05898959255045717
131,Suriname,24689,116.0,627,1.0,20919,73.0,3143,29,41691.0,1059.0,88711,149802,592189,South America,0.4698448701851027,0.1594896331738437,0.3489650556909986
132,Mauritania,23378,155.0,520,3.0,21168,83.0,1690,16,4892.0,109.0,349381,73118,4778336,Africa,0.663016511249893,0.576923076923077,0.39210128495842783
133,Eswatini,22156,276.0,742,7.0,19570,178.0,1844,10,18891.0,633.0,244017,208053,1172860,Africa,1.2457122224228199,0.9433962264150944,0.9095554420030658
134,Guyana,21850,117.0,518,3.0,20366,357.0,966,14,27638.0,655.0,215158,272156,790568,South America,0.5354691075514874,0.5791505791505791,1.7529215358931551
135,Fiji,21829,468.0,172,11.0,5521,792.0,16136,40,24165.0,190.0,286604,317280,903315,Australia/Oceania,2.1439369645883914,6.395348837209303,14.345227313892412
136,Haiti,19762,-1.0,523,-1.0,13332,-1.0,5907,-1,1711.0,45.0,95209,8244,11549384,North America,-0.0050602165772695076,-0.19120458891013384,-0.0075007500750075016
137,Mayotte,19465,5.0,174,-1.0,2964,-1.0,16327,-1,69580.0,622.0,176919,632420,279749,Africa,0.025687130747495505,-0.5747126436781609,-0.033738191632928474
138,French Polynesia,19285,51.0,145,-1.0,18945,-1.0,195,3,68235.0,513.0,26355,93250,282626,Australia/Oceania,0.2644542390458906,-0.6896551724137931,-0.005278437582475587
139,Guadeloupe,17779,-1.0,238,-1.0,2250,-1.0,15291,23,44426.0,595.0,243650,608827,400196,North America,-0.005624613307835087,-0.42016806722689076,-0.044444444444444446
140,Seychelles,17747,-1.0,89,-1.0,16889,-1.0,769,-1,179279.0,899.0,21504,217232,98991,Africa,-0.005634755169887868,-1.1235955056179776,-0.005921013677541595
141,Papua New Guinea,17581,-1.0,192,-1.0,17177,-1.0,212,7,1927.0,21.0,143990,15778,9125792,Australia/Oceania,-0.005687958591661452,-0.5208333333333333,-0.0058217383710776035
142,Martinique,15612,-1.0,99,-1.0,104,-1.0,15409,1,41637.0,264.0,224685,599229,374957,North America,-0.006405329233922624,-1.0101010101010102,-0.9615384615384616
143,Taiwan,15533,22.0,784,2.0,13753,45.0,996,-1,651.0,33.0,3438383,144092,23862415,Asia,0.14163394064250306,0.25510204081632654,0.32720133788991496
144,Somalia,15180,18.0,781,-1.0,7277,-1.0,7122,-1,928.0,48.0,165035,10088,16359880,Africa,0.11857707509881424,-0.12804097311139565,-0.01374192661811186
145,Togo,14970,169.0,143,3.0,13986,79.0,841,-1,1765.0,17.0,392025,46212,8483157,Africa,1.1289245156980627,2.097902097902098,0.5648505648505648
146,Mali,14532,5.0,530,-1.0,13119,251.0,883,-1,696.0,25.0,335645,16087,20864562,Africa,0.03440682631434077,-0.18867924528301888,1.9132555835048404
147,Andorra,14498,34.0,127,-1.0,13988,-1.0,383,-1,187322.0,1641.0,193595,2501357,77396,Europe,0.23451510553179747,-0.7874015748031495,-0.007148984844152131
148,Tajikistan,14427,68.0,116,-1.0,13964,62.0,347,-1,1478.0,12.0,-1,-1,9763409,Asia,0.4713384626048382,-0.8620689655172413,0.4439988541965053
149,Belize,13917,24.0,332,-1.0,13219,18.0,366,2,34342.0,819.0,178027,439309,405243,North America,0.17245095925846088,-0.30120481927710846,0.13616763749148952
150,Bahamas,13781,-1.0,274,-1.0,12158,-1.0,1349,13,34694.0,690.0,115222,290074,397216,North America,-0.007256367462448299,-0.36496350364963503,-0.008225037012666556
151,Burkina Faso,13537,-1.0,169,-1.0,13355,5.0,13,-1,629.0,8.0,202345,9409,21506587,Africa,-0.007387161113983896,-0.591715976331361,0.037439161362785474
152,Curaçao,13135,97.0,126,-1.0,12352,50.0,657,4,79701.0,765.0,166271,1008908,164803,North America,0.7384849638370765,-0.7936507936507936,0.4047927461139896
153,Congo,13117,67.0,176,-1.0,11759,-1.0,1182,-1,2317.0,31.0,158304,27963,5661149,Africa,0.5107875276358923,-0.5681818181818182,-0.008504124500382685
154,Lesotho,12679,-1.0,357,-1.0,6621,-1.0,5701,-1,5869.0,165.0,128354,59417,2160208,Africa,-0.007887057338906853,-0.2801120448179272,-0.015103458692040477
155,Hong Kong,11974,2.0,212,-1.0,11693,3.0,69,-1,1584.0,28.0,20432586,2702259,7561298,Asia,0.016702856188408218,-0.4716981132075472,0.025656375609338918
156,Djibouti,11634,6.0,155,-1.0,11466,-1.0,13,-1,11597.0,155.0,186566,185976,1003171,Africa,0.0515729757607014,-0.6451612903225806,-0.008721437292865864
157,Aruba,11325,32.0,109,-1.0,11058,4.0,158,14,105598.0,1016.0,177885,1658663,107246,North America,0.282560706401766,-0.9174311926605505,0.03617290649303671
158,South Sudan,10917,-1.0,117,-1.0,10514,-1.0,286,-1,963.0,10.0,174045,15358,11332391,Africa,-0.009160025648071815,-0.8547008547008548,-0.009511128019783146
159,Timor-Leste,10281,54.0,26,-1.0,9529,45.0,726,-1,7644.0,19.0,95046,70670,1344932,Asia,0.5252407353370294,-3.8461538461538463,0.47224262776786646
160,Nicaragua,9108,-1.0,194,-1.0,4225,-1.0,4689,-1,1358.0,29.0,-1,-1,6707828,North America,-0.010979358805445762,-0.5154639175257731,-0.023668639053254437
161,Equatorial Guinea,8863,15.0,123,-1.0,8637,46.0,103,1,6106.0,85.0,171690,118290,1451434,Africa,0.16924292000451313,-0.8130081300813009,0.5325923353016093
162,Channel Islands,8427,187.0,86,-1.0,5182,160.0,3159,-1,48002.0,490.0,683444,3893003,175557,Europe,2.219057790435505,-1.1627906976744187,3.0876109610189117
163,Benin,8324,-1.0,107,-1.0,8125,-1.0,92,5,668.0,9.0,604310,48510,12457533,Africa,-0.01201345506967804,-0.9345794392523363,-0.012307692307692308
164,Gambia,7161,-1.0,197,-1.0,6080,-1.0,884,3,2878.0,79.0,90555,36395,2488118,Africa,-0.013964530093562352,-0.5076142131979695,-0.01644736842105263
165,CAR,7147,-1.0,98,-1.0,6859,-1.0,190,2,1453.0,20.0,54814,11145,4918376,Africa,-0.013991884706870015,-1.0204081632653061,-0.01457938474996355
166,Iceland,7054,87.0,30,-1.0,6653,1.0,371,1,20531.0,87.0,825586,2402851,343586,Europe,1.2333427842358946,-3.3333333333333335,0.015030813166992335
167,Yemen,7003,2.0,1372,-1.0,4163,1.0,1468,23,229.0,45.0,136319,4467,30518326,Asia,0.0285591889190347,-0.0728862973760933,0.024021138601969732
168,Eritrea,6491,11.0,33,1.0,6249,48.0,209,-1,1804.0,9.0,23693,6585,3598258,Africa,0.16946541364966877,3.0303030303030303,0.7681228996639462
169,Sierra Leone,6206,-1.0,118,1.0,4207,6.0,1881,-1,762.0,14.0,160358,19681,8148032,Africa,-0.016113438607798906,0.847457627118644,0.14261944378416924
170,Burundi,6128,110.0,8,-1.0,773,-1.0,5347,-1,500.0,0.7,345742,28193,12263318,Africa,1.7950391644908616,-12.5,-0.129366106080207
171,Niger,5596,2.0,195,-1.0,5296,1.0,105,2,223.0,8.0,126523,5035,25126897,Africa,0.035739814152966405,-0.5128205128205128,0.0188821752265861
172,Saint Lucia,5516,20.0,88,1.0,5319,15.0,109,-1,29895.0,477.0,58586,317513,184515,North America,0.36258158085569253,1.1363636363636365,0.2820078962210942
173,Liberia,5396,-1.0,148,-1.0,2715,-1.0,2533,2,1041.0,29.0,128246,24744,5182927,Africa,-0.018532246108228317,-0.6756756756756757,-0.036832412523020254
174,San Marino,5099,-1.0,90,-1.0,5002,-1.0,7,-1,149940.0,2647.0,70326,2067986,34007,Europe,-0.019611688566385566,-1.1111111111111112,-0.019992003198720514
175,Chad,4967,2.0,174,-1.0,4780,3.0,13,-1,294.0,10.0,129733,7667,16921818,Africa,0.040265753976243206,-0.5747126436781609,0.06276150627615062
176,Gibraltar,4756,24.0,94,-1.0,4336,-1.0,326,9,141211.0,2791.0,301117,8940529,33680,Europe,0.5046257359125316,-1.0638297872340425,-0.023062730627306273
177,Laos,4342,223.0,5,-1.0,2174,-1.0,2163,-1,588.0,0.7,305013,41290,7387040,Asia,5.135882081989866,-20.0,-0.045998160073597055
178,Barbados,4330,11.0,48,-1.0,4098,-1.0,184,-1,15048.0,167.0,207600,721465,287748,North America,0.2540415704387991,-2.083333333333333,-0.02440214738897023
179,Guinea-Bissau,4148,31.0,74,-1.0,3778,22.0,296,4,2057.0,37.0,78486,38912,2017006,Africa,0.7473481195756991,-1.3513513513513513,0.5823186871360508
180,Comoros,4014,-1.0,147,-1.0,3849,-1.0,18,-1,4515.0,165.0,-1,-1,889129,Africa,-0.024912805181863475,-0.6802721088435374,-0.02598077422707197
181,Isle of Man,3649,225.0,29,-1.0,1638,-1.0,1982,1,42674.0,339.0,83753,979464,85509,Europe,6.166072896684023,-3.4482758620689653,-0.06105006105006105
182,Mauritius,3388,207.0,19,-1.0,1854,-1.0,1515,-1,2659.0,15.0,358675,281534,1274003,Africa,6.109799291617474,-5.263157894736842,-0.05393743257820927
183,Liechtenstein,3073,-1.0,59,-1.0,2996,1.0,18,2,80352.0,1543.0,49126,1284541,38244,Europe,-0.03254149040026033,-1.694915254237288,0.03337783711615487
184,New Zealand,2855,20.0,26,-1.0,2749,2.0,80,-1,571.0,5.0,2426356,485067,5002100,Australia/Oceania,0.7005253940455342,-3.8461538461538463,0.07275372862859221
185,Monaco,2757,13.0,33,-1.0,2617,8.0,107,3,69734.0,835.0,54960,1390125,39536,Europe,0.4715270221254987,-3.0303030303030303,0.30569354222392053
186,Sint Maarten,2707,9.0,34,-1.0,2624,2.0,49,2,62388.0,784.0,35043,807628,43390,North America,0.33247137052087183,-2.941176470588235,0.07621951219512195
187,Bermuda,2535,-1.0,33,-1.0,2487,-1.0,15,7,40865.0,532.0,362535,5844134,62034,North America,-0.03944773175542406,-3.0303030303030303,-0.04020908725371934
188,Saint Martin,2481,-1.0,38,-1.0,1399,-1.0,1044,7,63030.0,965.0,43501,1105152,39362,North America,-0.04030632809351068,-2.631578947368421,-0.07147962830593281
189,Bhutan,2470,12.0,2,-1.0,2215,34.0,253,-1,3164.0,3.0,798573,1023042,780587,Asia,0.4858299595141701,-50.0,1.5349887133182845
190,Turks and Caicos,2461,2.0,18,-1.0,2404,-1.0,39,-1,62669.0,458.0,94789,2413776,39270,North America,0.08126777732629012,-5.555555555555555,-0.04159733777038269
191,Sao Tome and Principe,2420,3.0,37,-1.0,2345,5.0,38,-1,10830.0,166.0,14270,63862,223452,Africa,0.12396694214876033,-2.7027027027027026,0.21321961620469082
192,St. Vincent Grenadines,2271,-1.0,12,-1.0,2199,-1.0,60,2,20402.0,108.0,58809,528321,111313,North America,-0.044033465433729636,-8.333333333333332,-0.04547521600727603
193,British Virgin Islands,2210,-1.0,23,-1.0,588,-1.0,1599,27,72592.0,755.0,67348,2212193,30444,North America,-0.04524886877828054,-4.3478260869565215,-0.17006802721088435
194,Caribbean Netherlands,1691,1.0,17,-1.0,1647,-1.0,27,-1,63857.0,642.0,12584,475209,26481,North America,0.05913660555884093,-5.88235294117647,-0.060716454159077116
195,Antigua and Barbuda,1280,2.0,43,-1.0,1229,-1.0,8,1,12957.0,435.0,17147,173577,98786,North America,0.15625,-2.3255813953488373,-0.08136696501220504
196,St. Barth,1005,-1.0,1,-1.0,462,-1.0,542,-1,101423.0,101.0,26385,2662731,9909,North America,-0.09950248756218905,-100.0,-0.21645021645021645
197,Faeroe Islands,958,-1.0,1,-1.0,877,-1.0,80,-1,19528.0,20.0,354736,7230804,49059,Europe,-0.10438413361169101,-100.0,-0.11402508551881414
198,Cayman Islands,636,9.0,2,-1.0,620,2.0,14,-1,9559.0,30.0,114792,1725236,66537,North America,1.4150943396226416,-50.0,0.3225806451612903
199,Saint Kitts and Nevis,563,3.0,3,-1.0,527,8.0,33,1,10504.0,56.0,25152,469280,53597,North America,0.5328596802841918,-33.33333333333333,1.5180265654648957
200,Tanzania,509,-1.0,21,-1.0,183,-1.0,305,7,8.0,0.3,-1,-1,61524604,Africa,-0.19646365422396855,-4.761904761904762,-0.546448087431694
201,Brunei ,313,2.0,3,-1.0,269,-1.0,41,-1,708.0,7.0,149420,338125,441907,Asia,0.6389776357827476,-33.33333333333333,-0.37174721189591076
202,Dominica,209,-1.0,-1,-1.0,196,-1.0,13,-1,2896.0,-1.0,20743,287399,72175,North America,-0.4784688995215311,100.0,-0.5102040816326531
203,Grenada,164,-1.0,1,-1.0,161,-1.0,2,-1,1450.0,9.0,43173,381809,113075,North America,-0.6097560975609756,-100.0,-0.6211180124223602
204,New Caledonia,131,-1.0,-1,-1.0,58,-1.0,73,-1,454.0,-1.0,37633,130489,288399,Australia/Oceania,-0.7633587786259541,100.0,-1.7241379310344827
205,Anguilla,113,-1.0,-1,-1.0,111,-1.0,2,-1,7461.0,-1.0,31656,2090195,15145,North America,-0.8849557522123894,100.0,-0.9009009009009009
206,Greenland,85,1.0,-1,-1.0,59,1.0,26,-1,1495.0,-1.0,38720,680803,56874,North America,1.1764705882352942,100.0,1.694915254237288
207,Macao,56,-1.0,-1,-1.0,53,-1.0,3,-1,85.0,-1.0,4604,6990,658684,Asia,-1.7857142857142856,100.0,-1.8867924528301887
208,Saint Pierre Miquelon,28,2.0,-1,-1.0,26,-1.0,2,-1,4858.0,-1.0,6128,1063151,5764,North America,7.142857142857142,100.0,-3.8461538461538463
209,Montserrat,21,-1.0,1,-1.0,19,-1.0,1,-1,4204.0,200.0,1408,281882,4995,North America,-4.761904761904762,-100.0,-5.263157894736842
210,Western Sahara,10,-1.0,1,-1.0,8,-1.0,1,-1,16.0,2.0,-1,-1,612808,Africa,-10.0,-100.0,-12.5
